graph,type,path,n,arcs,edges,directed,step,name,formula,bits,bits per edge,redundancy,saved vs previous (%),saved vs (0) (%),saved vs (2) (%),H part,stored arcs,tree edges,components
fig2-example,directed,Datasets/fig2-example.txt,8,14,14,True,0,Adjacency lists,m*ceil(lg n) + n*ceil(lg m),74.0,5.285714285714286,,,0.0,,0.0,14.0,0.0,"[[""m*ceil(lg n) - one id per stored arc"", 42, ""14 x 3""], [""n*ceil(lg m) - one offset per vertex"", 32, ""8 x 4""]]"
fig2-example,directed,Datasets/fig2-example.txt,8,14,14,True,1,One string + separator bitvector,"m*ceil(lg n) + lg C(n+m, n)",60.28667506966089,4.306191076404349,o(m),18.53152017613393,18.53152017613393,,0.0,14.0,0.0,"[[""m*ceil(lg n) - the adjacency string, uncompressed"", 42, ""14 x 3""], [""lg C(n+m, n) - the separator bitvector"", 18.28667506966089, ""C(22, 8)""]]"
fig2-example,directed,Datasets/fig2-example.txt,8,14,14,True,2,Entropy-compressed adjacency string,"H(G) + lg C(n+m, n)",53.225116001867065,3.801794000133362,o(m),11.713299928440623,28.074167565044505,,34.93844093220618,14.0,0.0,"[[""H(G) - in-degree entropy of the string"", 34.93844093220618, ""sum d lg(m/d) over 14 arcs""], [""lg C(n+m, n) - the separator bitvector"", 18.28667506966089, """"]]"
fig2-example,directed,Datasets/fig2-example.txt,8,14,14,True,3b,TREX - best MST-based tree,"H(G-T) + lg C(n+m', n) + 3n",46.30320888751129,3.307372063393664,o(m) + o(n),13.004963886058915,37.42809609795772,,9.651484454403228,7.0,7.0,"[[""H(G-T) - entropy of what is left"", 9.651484454403228, ""7 residual arcs""], [""lg C(n+m', n) - separator bitvector of A'"", 12.651724433108065, """"], [""3n - LOUDS, plus n for D"", 24, ""3 x 8""]]"
fig2-example,directed,Datasets/fig2-example.txt,8,14,14,True,3w,TREX - worst MST-based tree,"H(G-T) + lg C(n+m', n) + 3n",54.30320888751129,3.878800634822235,o(m) + o(n),-17.27742027433812,26.617285287146903,-2.025534121158912,17.651484454403228,7.0,7.0,"[[""H(G-T) - entropy of what is left"", 17.651484454403228, ""7 residual arcs""], [""lg C(n+m', n) - separator bitvector of A'"", 12.651724433108065, """"], [""3n - LOUDS, plus n for D"", 24, ""3 x 8""]]"
fig2-example,directed,Datasets/fig2-example.txt,8,14,14,True,4,"Twin removal, then TREX",no twins in this graph,,,,,,,,,,[]
oregon1_010331,undirected,Datasets/TestSet/Undirected/oregon1_010331.txt,10670,44004,22002,False,0,Adjacency lists,m*ceil(lg n) + n*ceil(lg m),786776.0,35.75929460958095,,,0.0,,0.0,44004.0,0.0,"[[""m*ceil(lg n) - one id per stored arc"", 616056, ""44004 x 14""], [""n*ceil(lg m) - one offset per vertex"", 170720, ""10670 x 16""]]"
oregon1_010331,undirected,Datasets/TestSet/Undirected/oregon1_010331.txt,10670,44004,22002,False,1,One string + separator bitvector,"m*ceil(lg n) + lg C(n+m, n)",654983.4193821853,29.76926731125285,o(m),16.750966045966663,16.750966045966663,,0.0,44004.0,0.0,"[[""m*ceil(lg n) - the adjacency string, uncompressed"", 616056, ""44004 x 14""], [""lg C(n+m, n) - the separator bitvector"", 38927.41938218536, ""C(54674, 10670)""]]"
oregon1_010331,undirected,Datasets/TestSet/Undirected/oregon1_010331.txt,10670,44004,22002,False,1u,Wavelet tree: each edge stored once,"m'*ceil(lg n) + lg C(n+m', n),  m' = |E|",337797.30917106493,15.353027414374372,o(m),48.42658620432056,57.06563123798071,,0.0,22002.0,0.0,"[[""m'*ceil(lg n) - each edge stored once"", 308028, ""22002 x 14""], [""lg C(n+m', n)"", 29769.309171064917, ""C(32672, 10670)""]]"
oregon1_010331,undirected,Datasets/TestSet/Undirected/oregon1_010331.txt,10670,44004,22002,False,2,Entropy-compressed adjacency string,"H(G) + lg C(n+m, n)",198933.2864871411,9.041600149401924,o(m),41.10868231149861,74.71538449480651,,169163.9773160762,22002.0,0.0,"[[""H(G) - in-degree entropy of the string"", 169163.9773160762, ""sum d lg(m/d) over 22002 arcs""], [""lg C(n+m, n) - the separator bitvector"", 29769.309171064917, """"]]"
oregon1_010331,undirected,Datasets/TestSet/Undirected/oregon1_010331.txt,10670,44004,22002,False,3b,TREX - best MST-based tree,"H(G-T) + lg C(n+m', n) + 2n",110419.17447540992,5.018597149141438,o(m) + o(n),44.49436973306761,85.96561480327185,,67098.12532591037,11333.0,10669.0,"[[""H(G-T) - entropy of what is left"", 67098.12532591037, ""11333 residual arcs""], [""lg C(n+m', n) - separator bitvector of A'"", 21981.049149499548, """"], [""2n - LOUDS"", 21340, ""2 x 10670""]]"
oregon1_010331,undirected,Datasets/TestSet/Undirected/oregon1_010331.txt,10670,44004,22002,False,3w,TREX - worst MST-based tree,"H(G-T) + lg C(n+m', n) + 2n",135101.0476118767,6.14039849158607,o(m) + o(n),-22.352886854776656,82.82852455948367,32.08725900146955,91779.99846237716,11333.0,10669.0,"[[""H(G-T) - entropy of what is left"", 91779.99846237716, ""11333 residual arcs""], [""lg C(n+m', n) - separator bitvector of A'"", 21981.049149499548, """"], [""2n - LOUDS"", 21340, ""2 x 10670""]]"
oregon1_010331,undirected,Datasets/TestSet/Undirected/oregon1_010331.txt,10670,44004,22002,False,4,"Twin removal, then TREX","H(G0-T0) + lg C(n0+m0', n0) + 2n0 + lg C(N, n0)",91107.39996612292,4.140869010368281,o(m) + o(n) + o(N),17.489511763726952,88.42016025322037,,55549.24751074603,8875.0,5533.0,"[[""H(G0-T0) - entropy after contraction"", 55549.24751074603, ""8875 residual arcs, n0 = 5534""], [""lg C(n0+m0', n0)"", 13837.87928857989, """"], [""2n0 - LOUDS"", 11068, ""2 x 5534""], [""lg C(N, n0) - the class sizes in B"", 10652.273166796987, ""5136 twins removed""]]"
power-US-Grid,undirected,Datasets/TestSet/Undirected/power-US-Grid.txt,4941,13188,6594,False,0,Adjacency lists,m*ceil(lg n) + n*ceil(lg m),240618.0,36.49044585987261,,,0.0,,0.0,13188.0,0.0,"[[""m*ceil(lg n) - one id per stored arc"", 171444, ""13188 x 13""], [""n*ceil(lg m) - one offset per vertex"", 69174, ""4941 x 14""]]"
power-US-Grid,undirected,Datasets/TestSet/Undirected/power-US-Grid.txt,4941,13188,6594,False,1,One string + separator bitvector,"m*ceil(lg n) + lg C(n+m, n)",186757.50241749827,28.32233885615685,o(m),22.384234588643302,22.384234588643302,,0.0,13188.0,0.0,"[[""m*ceil(lg n) - the adjacency string, uncompressed"", 171444, ""13188 x 13""], [""lg C(n+m, n) - the separator bitvector"", 15313.50241749827, ""C(18129, 4941)""]]"
power-US-Grid,undirected,Datasets/TestSet/Undirected/power-US-Grid.txt,4941,13188,6594,False,1u,Wavelet tree: each edge stored once,"m'*ceil(lg n) + lg C(n+m', n),  m' = |E|",97078.47994356738,14.722244456106669,o(m),48.018966474210245,59.65452296022436,,0.0,6594.0,0.0,"[[""m'*ceil(lg n) - each edge stored once"", 85722, ""6594 x 13""], [""lg C(n+m', n)"", 11356.479943567374, ""C(11535, 4941)""]]"
power-US-Grid,undirected,Datasets/TestSet/Undirected/power-US-Grid.txt,4941,13188,6594,False,2,Entropy-compressed adjacency string,"H(G) + lg C(n+m, n)",83470.74621699622,12.658590569759816,o(m),14.0172505116288,65.30984954700139,,72114.26627342885,6594.0,0.0,"[[""H(G) - in-degree entropy of the string"", 72114.26627342885, ""sum d lg(m/d) over 6594 arcs""], [""lg C(n+m, n) - the separator bitvector"", 11356.479943567374, """"]]"
power-US-Grid,undirected,Datasets/TestSet/Undirected/power-US-Grid.txt,4941,13188,6594,False,3b,TREX - best MST-based tree,"H(G-T) + lg C(n+m', n) + 2n",29803.34932283276,4.519767868188165,o(m) + o(n),64.29485697258062,87.61383216432988,,14569.128519909134,1654.0,4940.0,"[[""H(G-T) - entropy of what is left"", 14569.128519909134, ""1654 residual arcs""], [""lg C(n+m', n) - separator bitvector of A'"", 5352.2208029236235, """"], [""2n - LOUDS"", 9882, ""2 x 4941""]]"
power-US-Grid,undirected,Datasets/TestSet/Undirected/power-US-Grid.txt,4941,13188,6594,False,3w,TREX - worst MST-based tree,"H(G-T) + lg C(n+m', n) + 2n",31942.53998129055,4.844182587396201,o(m) + o(n),-7.177685418124891,86.7247920017245,61.732054127980895,16708.319178366924,1654.0,4940.0,"[[""H(G-T) - entropy of what is left"", 16708.319178366924, ""1654 residual arcs""], [""lg C(n+m', n) - separator bitvector of A'"", 5352.2208029236235, """"], [""2n - LOUDS"", 9882, ""2 x 4941""]]"
power-US-Grid,undirected,Datasets/TestSet/Undirected/power-US-Grid.txt,4941,13188,6594,False,4,"Twin removal, then TREX","H(G0-T0) + lg C(n0+m0', n0) + 2n0 + lg C(N, n0)",30198.80473151535,4.579739874357802,o(m) + o(n) + o(N),-1.3268824399532475,87.44948227833522,,14091.135978540808,1608.0,4594.0,"[[""H(G0-T0) - entropy after contraction"", 14091.135978540808, ""1608 residual arcs, n0 = 4595""], [""lg C(n0+m0', n0)"", 5114.64593964964, """"], [""2n0 - LOUDS"", 9190, ""2 x 4595""], [""lg C(N, n0) - the class sizes in B"", 1803.0228133249, ""346 twins removed""]]"
facebook_combined,undirected,Datasets/TestSet/Undirected/facebook_combined.txt,4039,176468,88234,False,0,Adjacency lists,m*ceil(lg n) + n*ceil(lg m),2190318.0,24.82396808486525,,,0.0,,0.0,176468.0,0.0,"[[""m*ceil(lg n) - one id per stored arc"", 2117616, ""176468 x 12""], [""n*ceil(lg m) - one offset per vertex"", 72702, ""4039 x 18""]]"
facebook_combined,undirected,Datasets/TestSet/Undirected/facebook_combined.txt,4039,176468,88234,False,1,One string + separator bitvector,"m*ceil(lg n) + lg C(n+m, n)",2145511.507496198,24.316153721878173,o(m),2.0456615205555195,2.0456615205555195,,0.0,176468.0,0.0,"[[""m*ceil(lg n) - the adjacency string, uncompressed"", 2117616, ""176468 x 12""], [""lg C(n+m, n) - the separator bitvector"", 27895.507496198443, ""C(180507, 4039)""]]"
facebook_combined,undirected,Datasets/TestSet/Undirected/facebook_combined.txt,4039,176468,88234,False,1u,Wavelet tree: each edge stored once,"m'*ceil(lg n) + lg C(n+m', n),  m' = |E|",1082729.7214850842,12.271116819877646,o(m),49.53512401578193,50.56746456518715,,0.0,88234.0,0.0,"[[""m'*ceil(lg n) - each edge stored once"", 1058808, ""88234 x 12""], [""lg C(n+m', n)"", 23921.721485084065, ""C(92273, 4039)""]]"
facebook_combined,undirected,Datasets/TestSet/Undirected/facebook_combined.txt,4039,176468,88234,False,2,Entropy-compressed adjacency string,"H(G) + lg C(n+m, n)",949790.295216418,10.764447891021806,o(m),12.278172809953425,56.63687669021493,,925868.573731334,88234.0,0.0,"[[""H(G) - in-degree entropy of the string"", 925868.5737313341, ""sum d lg(m/d) over 88234 arcs""], [""lg C(n+m, n) - the separator bitvector"", 23921.721485084065, """"]]"
facebook_combined,undirected,Datasets/TestSet/Undirected/facebook_combined.txt,4039,176468,88234,False,3b,TREX - best MST-based tree,"H(G-T) + lg C(n+m', n) + 2n",903115.1887146342,10.23545559211454,o(m) + o(n),4.914253887080267,58.767850663025456,,871382.2302030033,84196.0,4038.0,"[[""H(G-T) - entropy of what is left"", 871382.2302030033, ""84196 residual arcs""], [""lg C(n+m', n) - separator bitvector of A'"", 23654.958511630866, """"], [""2n - LOUDS"", 8078, ""2 x 4039""]]"
facebook_combined,undirected,Datasets/TestSet/Undirected/facebook_combined.txt,4039,176468,88234,False,3w,TREX - worst MST-based tree,"H(G-T) + lg C(n+m', n) + 2n",923228.4918064608,10.463409703815543,o(m) + o(n),-2.2271027376311814,57.84956833635752,2.796596632302395,891495.5332948299,84196.0,4038.0,"[[""H(G-T) - entropy of what is left"", 891495.5332948299, ""84196 residual arcs""], [""lg C(n+m', n) - separator bitvector of A'"", 23654.958511630866, """"], [""2n - LOUDS"", 8078, ""2 x 4039""]]"
facebook_combined,undirected,Datasets/TestSet/Undirected/facebook_combined.txt,4039,176468,88234,False,4,"Twin removal, then TREX","H(G0-T0) + lg C(n0+m0', n0) + 2n0 + lg C(N, n0)",902499.8340664268,10.22848147048107,o(m) + o(n) + o(N),0.0681368950380734,58.79594496934113,,870726.8119963574,84142.0,3956.0,"[[""H(G0-T0) - entropy after contraction"", 870726.8119963574, ""84142 residual arcs, n0 = 3957""], [""lg C(n0+m0', n0)"", 23285.398463969887, """"], [""2n0 - LOUDS"", 7914, ""2 x 3957""], [""lg C(N, n0) - the class sizes in B"", 573.6236060993582, ""82 twins removed""]]"
CA-AstroPh,undirected,Datasets/TestSet/Undirected/CA-AstroPh.txt,18772,396220,198110,False,0,Adjacency lists,m*ceil(lg n) + n*ceil(lg m),6299968.0,31.800353339054062,,,0.0,,0.0,396220.0,0.0,"[[""m*ceil(lg n) - one id per stored arc"", 5943300, ""396220 x 15""], [""n*ceil(lg m) - one offset per vertex"", 356668, ""18772 x 19""]]"
CA-AstroPh,undirected,Datasets/TestSet/Undirected/CA-AstroPh.txt,18772,396220,198110,False,1,One string + separator bitvector,"m*ceil(lg n) + lg C(n+m, n)",6053595.712259685,30.556739751954392,o(m),3.910691097801056,3.910691097801056,,0.0,396220.0,0.0,"[[""m*ceil(lg n) - the adjacency string, uncompressed"", 5943300, ""396220 x 15""], [""lg C(n+m, n) - the separator bitvector"", 110295.71225968453, ""C(414992, 18772)""]]"
CA-AstroPh,undirected,Datasets/TestSet/Undirected/CA-AstroPh.txt,18772,396220,198110,False,1u,Wavelet tree: each edge stored once,"m'*ceil(lg n) + lg C(n+m', n),  m' = |E|",3063786.481182267,15.46507738722057,o(m),49.38898091629219,51.36822153410514,,0.0,198110.0,0.0,"[[""m'*ceil(lg n) - each edge stored once"", 2971650, ""198110 x 15""], [""lg C(n+m', n)"", 92136.481182267, ""C(216882, 18772)""]]"
CA-AstroPh,undirected,Datasets/TestSet/Undirected/CA-AstroPh.txt,18772,396220,198110,False,2,Entropy-compressed adjacency string,"H(G) + lg C(n+m, n)",2524603.7260300005,12.743444177628591,o(m),17.598574785283482,59.92672143683904,,2432467.244847733,198110.0,0.0,"[[""H(G) - in-degree entropy of the string"", 2432467.2448477335, ""sum d lg(m/d) over 198110 arcs""], [""lg C(n+m, n) - the separator bitvector"", 92136.481182267, """"]]"
CA-AstroPh,undirected,Datasets/TestSet/Undirected/CA-AstroPh.txt,18772,396220,198110,False,3b,TREX - best MST-based tree,"H(G-T) + lg C(n+m', n) + 2n",2275421.8987721624,11.485648875736524,o(m) + o(n),9.870136239150783,63.88200862651743,,2148269.839767775,179628.0,18482.0,"[[""H(G-T) - entropy of what is left"", 2148269.839767775, ""179628 residual arcs""], [""lg C(n+m', n) - separator bitvector of A'"", 89608.05900438756, """"], [""2n - LOUDS"", 37544, ""2 x 18772""]]"
CA-AstroPh,undirected,Datasets/TestSet/Undirected/CA-AstroPh.txt,18772,396220,198110,False,3w,TREX - worst MST-based tree,"H(G-T) + lg C(n+m', n) + 2n",2338849.7559294268,11.805813719294466,o(m) + o(n),-2.787520731495574,62.87521212918181,7.357747601548392,2211697.6969250394,179628.0,18482.0,"[[""H(G-T) - entropy of what is left"", 2211697.6969250394, ""179628 residual arcs""], [""lg C(n+m', n) - separator bitvector of A'"", 89608.05900438756, """"], [""2n - LOUDS"", 37544, ""2 x 18772""]]"
CA-AstroPh,undirected,Datasets/TestSet/Undirected/CA-AstroPh.txt,18772,396220,198110,False,4,"Twin removal, then TREX","H(G0-T0) + lg C(n0+m0', n0) + 2n0 + lg C(N, n0)",2273677.659408876,11.476844477355389,o(m) + o(n) + o(N),0.0766556463321133,63.90969510624696,,2145972.807685601,179460.0,18206.0,"[[""H(G0-T0) - entropy after contraction"", 2145972.8076856015, ""179460 residual arcs, n0 = 18496""], [""lg C(n0+m0', n0)"", 88642.7547046612, """"], [""2n0 - LOUDS"", 36992, ""2 x 18496""], [""lg C(N, n0) - the class sizes in B"", 2070.097018613655, ""276 twins removed""]]"
email-Eu-core,directed,Datasets/TestSet/Directed/email-Eu-core.txt,1005,25571,25571,True,0,Adjacency lists,m*ceil(lg n) + n*ceil(lg m),270785.0,10.589535020140003,,,0.0,,0.0,25571.0,0.0,"[[""m*ceil(lg n) - one id per stored arc"", 255710, ""25571 x 10""], [""n*ceil(lg m) - one offset per vertex"", 15075, ""1005 x 15""]]"
email-Eu-core,directed,Datasets/TestSet/Directed/email-Eu-core.txt,1005,25571,25571,True,1,One string + separator bitvector,"m*ceil(lg n) + lg C(n+m, n)",261874.33763525813,10.241067523180874,o(m),3.290677978743972,3.290677978743972,,0.0,25571.0,0.0,"[[""m*ceil(lg n) - the adjacency string, uncompressed"", 255710, ""25571 x 10""], [""lg C(n+m, n) - the separator bitvector"", 6164.337635258114, ""C(26576, 1005)""]]"
email-Eu-core,directed,Datasets/TestSet/Directed/email-Eu-core.txt,1005,25571,25571,True,2,Entropy-compressed adjacency string,"H(G) + lg C(n+m, n)",242663.0841861973,9.48977686387694,o(m),7.336058058433559,10.38532999014079,,236498.74655093916,25571.0,0.0,"[[""H(G) - in-degree entropy of the string"", 236498.74655093913, ""sum d lg(m/d) over 25571 arcs""], [""lg C(n+m, n) - the separator bitvector"", 6164.337635258114, """"]]"
email-Eu-core,directed,Datasets/TestSet/Directed/email-Eu-core.txt,1005,25571,25571,True,3b,TREX - best MST-based tree,"H(G-T) + lg C(n+m', n) + 3n",233027.95386689904,9.112977743025263,o(m) + o(n),3.970579353514314,13.94355157527225,,223904.45815802668,24586.0,985.0,"[[""H(G-T) - entropy of what is left"", 223904.45815802668, ""24586 residual arcs""], [""lg C(n+m', n) - separator bitvector of A'"", 6108.495708872348, """"], [""3n - LOUDS, plus n for D"", 3015, ""3 x 1005""]]"
email-Eu-core,directed,Datasets/TestSet/Directed/email-Eu-core.txt,1005,25571,25571,True,3w,TREX - worst MST-based tree,"H(G-T) + lg C(n+m', n) + 3n",236395.28611381128,9.244663334003803,o(m) + o(n),-1.445033606927515,12.700006974606692,2.582921952634809,227271.7904049389,24586.0,985.0,"[[""H(G-T) - entropy of what is left"", 227271.79040493892, ""24586 residual arcs""], [""lg C(n+m', n) - separator bitvector of A'"", 6108.495708872348, """"], [""3n - LOUDS, plus n for D"", 3015, ""3 x 1005""]]"
email-Eu-core,directed,Datasets/TestSet/Directed/email-Eu-core.txt,1005,25571,25571,True,4,"Twin removal, then TREX","H(G0-T0) + lg C(n0+m0', n0) + 3n0 + lg C(N, n0)",226141.96126294107,8.843688602829028,o(m) + o(n) + o(N),2.955007109529495,16.486525744431535,,217111.9589530148,23940.0,967.0,"[[""H(G0-T0) - entropy after contraction"", 217111.9589530148, ""23940 residual arcs, n0 = 969""], [""lg C(n0+m0', n0)"", 5902.984582909202, """"], [""3n0 - LOUDS and D"", 2907, ""3 x 969""], [""lg C(N, n0) - the class sizes in B"", 220.0177270170487, ""36 twins removed""]]"
celegansneural,directed,Datasets/TestSet/Directed/celegansneural.txt,297,2345,2345,True,0,Adjacency lists,m*ceil(lg n) + n*ceil(lg m),24669.0,10.519829424307035,,,0.0,,0.0,2345.0,0.0,"[[""m*ceil(lg n) - one id per stored arc"", 21105, ""2345 x 9""], [""n*ceil(lg m) - one offset per vertex"", 3564, ""297 x 12""]]"
celegansneural,directed,Datasets/TestSet/Directed/celegansneural.txt,297,2345,2345,True,1,One string + separator bitvector,"m*ceil(lg n) + lg C(n+m, n)",22439.56187064388,9.569109539720204,o(m),9.037407796652175,9.037407796652175,,0.0,2345.0,0.0,"[[""m*ceil(lg n) - the adjacency string, uncompressed"", 21105, ""2345 x 9""], [""lg C(n+m, n) - the separator bitvector"", 1334.5618706438765, ""C(2642, 297)""]]"
celegansneural,directed,Datasets/TestSet/Directed/celegansneural.txt,297,2345,2345,True,2,Entropy-compressed adjacency string,"H(G) + lg C(n+m, n)",18928.155954370373,8.071708296106769,o(m),15.648281978567644,23.271490719646625,,17593.594083726497,2345.0,0.0,"[[""H(G) - in-degree entropy of the string"", 17593.594083726497, ""sum d lg(m/d) over 2345 arcs""], [""lg C(n+m, n) - the separator bitvector"", 1334.5618706438765, """"]]"
celegansneural,directed,Datasets/TestSet/Directed/celegansneural.txt,297,2345,2345,True,3b,TREX - best MST-based tree,"H(G-T) + lg C(n+m', n) + 3n",16931.528859794307,7.220268170487977,o(m) + o(n),10.548450146909635,31.365159269551636,,14760.1741630365,2049.0,296.0,"[[""H(G-T) - entropy of what is left"", 14760.1741630365, ""2049 residual arcs""], [""lg C(n+m', n) - separator bitvector of A'"", 1280.35469675781, """"], [""3n - LOUDS, plus n for D"", 891, ""3 x 297""]]"
celegansneural,directed,Datasets/TestSet/Directed/celegansneural.txt,297,2345,2345,True,3w,TREX - worst MST-based tree,"H(G-T) + lg C(n+m', n) + 3n",17963.817223901624,7.660476428103037,o(m) + o(n),-6.096840826693417,27.18060227856166,5.094731535356411,15792.462527143814,2049.0,296.0,"[[""H(G-T) - entropy of what is left"", 15792.462527143814, ""2049 residual arcs""], [""lg C(n+m', n) - separator bitvector of A'"", 1280.35469675781, """"], [""3n - LOUDS, plus n for D"", 891, ""3 x 297""]]"
celegansneural,directed,Datasets/TestSet/Directed/celegansneural.txt,297,2345,2345,True,4,"Twin removal, then TREX","H(G0-T0) + lg C(n0+m0', n0) + 3n0 + lg C(N, n0)",16928.876232332568,7.219136986069325,o(m) + o(n) + o(N),0.0156667923121744,31.37591214750266,,14760.1741630365,2049.0,284.0,"[[""H(G0-T0) - entropy after contraction"", 14760.1741630365, ""2049 residual arcs, n0 = 285""], [""lg C(n0+m0', n0)"", 1244.2905137610048, """"], [""3n0 - LOUDS and D"", 855, ""3 x 285""], [""lg C(N, n0) - the class sizes in B"", 69.41155553506236, ""12 twins removed""]]"
p2p-Gnutella24,directed,Datasets/TestSet/Directed/p2p-Gnutella24.txt,26518,65369,65369,True,0,Adjacency lists,m*ceil(lg n) + n*ceil(lg m),1404823.0,21.49066071073445,,,0.0,,0.0,65369.0,0.0,"[[""m*ceil(lg n) - one id per stored arc"", 980535, ""65369 x 15""], [""n*ceil(lg m) - one offset per vertex"", 424288, ""26518 x 16""]]"
p2p-Gnutella24,directed,Datasets/TestSet/Directed/p2p-Gnutella24.txt,26518,65369,65369,True,1,One string + separator bitvector,"m*ceil(lg n) + lg C(n+m, n)",1060183.1894090446,16.218439771283705,o(m),24.532614471072545,24.532614471072545,,0.0,65369.0,0.0,"[[""m*ceil(lg n) - the adjacency string, uncompressed"", 980535, ""65369 x 15""], [""lg C(n+m, n) - the separator bitvector"", 79648.18940904447, ""C(91887, 26518)""]]"
p2p-Gnutella24,directed,Datasets/TestSet/Directed/p2p-Gnutella24.txt,26518,65369,65369,True,2,Entropy-compressed adjacency string,"H(G) + lg C(n+m, n)",1006746.407788428,15.400976116942708,o(m),5.040334741621666,28.33642332248063,,927098.2183793834,65369.0,0.0,"[[""H(G) - in-degree entropy of the string"", 927098.2183793834, ""sum d lg(m/d) over 65369 arcs""], [""lg C(n+m, n) - the separator bitvector"", 79648.18940904447, """"]]"
p2p-Gnutella24,directed,Datasets/TestSet/Directed/p2p-Gnutella24.txt,26518,65369,65369,True,3b,TREX - best MST-based tree,"H(G-T) + lg C(n+m', n) + 3n",644527.6198298923,9.85983600529138,o(m) + o(n),35.97914878626093,54.120368200841504,,501293.2202742994,38862.0,26507.0,"[[""H(G-T) - entropy of what is left"", 501293.22027429944, ""38862 residual arcs""], [""lg C(n+m', n) - separator bitvector of A'"", 63680.399555592856, """"], [""3n - LOUDS, plus n for D"", 79554, ""3 x 26518""]]"
p2p-Gnutella24,directed,Datasets/TestSet/Directed/p2p-Gnutella24.txt,26518,65369,65369,True,3w,TREX - worst MST-based tree,"H(G-T) + lg C(n+m', n) + 3n",671409.3404981799,10.271066415245452,o(m) + o(n),-4.170763182403636,52.206837409539865,33.30899069477689,528174.940942587,38862.0,26507.0,"[[""H(G-T) - entropy of what is left"", 528174.940942587, ""38862 residual arcs""], [""lg C(n+m', n) - separator bitvector of A'"", 63680.399555592856, """"], [""3n - LOUDS, plus n for D"", 79554, ""3 x 26518""]]"
p2p-Gnutella24,directed,Datasets/TestSet/Directed/p2p-Gnutella24.txt,26518,65369,65369,True,4,"Twin removal, then TREX","H(G0-T0) + lg C(n0+m0', n0) + 3n0 + lg C(N, n0)",638240.5660930937,9.763658096239713,o(m) + o(n) + o(N),0.9754514071030672,54.5679017148001,,500609.01201722975,38821.0,20667.0,"[[""H(G0-T0) - entropy after contraction"", 500609.01201722975, ""38821 residual arcs, n0 = 20678""], [""lg C(n0+m0', n0)"", 55435.811360156404, """"], [""3n0 - LOUDS and D"", 62034, ""3 x 20678""], [""lg C(N, n0) - the class sizes in B"", 20161.74271570755, ""5840 twins removed""]]"
bio-grid-yeast,undirected,Datasets/Undirected/bio-grid-yeast.txt,6008,313890,156945,False,0,Adjacency lists,m*ceil(lg n) + n*ceil(lg m),4194722.0,26.72733760234477,,,0.0,,0.0,313890.0,0.0,"[[""m*ceil(lg n) - one id per stored arc"", 4080570, ""313890 x 13""], [""n*ceil(lg m) - one offset per vertex"", 114152, ""6008 x 19""]]"
bio-grid-yeast,undirected,Datasets/Undirected/bio-grid-yeast.txt,6008,313890,156945,False,1,One string + separator bitvector,"m*ceil(lg n) + lg C(n+m, n)",4123601.591662124,26.274182622333456,o(m),1.6954737009479026,1.6954737009479026,,0.0,313890.0,0.0,"[[""m*ceil(lg n) - the adjacency string, uncompressed"", 4080570, ""313890 x 13""], [""lg C(n+m, n) - the separator bitvector"", 43031.591662124185, ""C(319898, 6008)""]]"
bio-grid-yeast,undirected,Datasets/Undirected/bio-grid-yeast.txt,6008,313890,156945,False,1u,Wavelet tree: each edge stored once,"m'*ceil(lg n) + lg C(n+m', n),  m' = |E|",2077390.0039586509,13.236420427274847,o(m),49.62195164151867,50.47609820248753,,0.0,156945.0,0.0,"[[""m'*ceil(lg n) - each edge stored once"", 2040285, ""156945 x 13""], [""lg C(n+m', n)"", 37105.0039586509, ""C(162953, 6008)""]]"
bio-grid-yeast,undirected,Datasets/Undirected/bio-grid-yeast.txt,6008,313890,156945,False,2,Entropy-compressed adjacency string,"H(G) + lg C(n+m, n)",1671343.02890064,10.649227620508077,o(m),19.546015639059235,60.15604779290166,,1634238.024941989,156945.0,0.0,"[[""H(G) - in-degree entropy of the string"", 1634238.024941989, ""sum d lg(m/d) over 156945 arcs""], [""lg C(n+m, n) - the separator bitvector"", 37105.0039586509, """"]]"
bio-grid-yeast,undirected,Datasets/Undirected/bio-grid-yeast.txt,6008,313890,156945,False,3b,TREX - best MST-based tree,"H(G-T) + lg C(n+m', n) + 2n",1598684.0531667783,10.186269413914292,o(m) + o(n),4.347340700110747,61.88820014373352,,1549894.8809638484,150938.0,6007.0,"[[""H(G-T) - entropy of what is left"", 1549894.8809638484, ""150938 residual arcs""], [""lg C(n+m', n) - separator bitvector of A'"", 36773.17220293003, """"], [""2n - LOUDS"", 12016, ""2 x 6008""]]"
bio-grid-yeast,undirected,Datasets/Undirected/bio-grid-yeast.txt,6008,313890,156945,False,3w,TREX - worst MST-based tree,"H(G-T) + lg C(n+m', n) + 2n",1635103.2910895064,10.418320373949513,o(m) + o(n),-2.278076011991637,61.01998437346965,2.1683004137678985,1586314.1188865765,150938.0,6007.0,"[[""H(G-T) - entropy of what is left"", 1586314.1188865763, ""150938 residual arcs""], [""lg C(n+m', n) - separator bitvector of A'"", 36773.17220293003, """"], [""2n - LOUDS"", 12016, ""2 x 6008""]]"
bio-grid-yeast,undirected,Datasets/Undirected/bio-grid-yeast.txt,6008,313890,156945,False,4,"Twin removal, then TREX","H(G0-T0) + lg C(n0+m0', n0) + 2n0 + lg C(N, n0)",1596834.768603027,10.174486403536443,o(m) + o(n) + o(N),0.1156754244272306,61.93228612997411,,1548247.0390791665,150802.0,5755.0,"[[""H(G0-T0) - entropy after contraction"", 1548247.0390791663, ""150802 residual arcs, n0 = 5756""], [""lg C(n0+m0', n0)"", 35572.18973010801, """"], [""2n0 - LOUDS"", 11512, ""2 x 5756""], [""lg C(N, n0) - the class sizes in B"", 1503.5397937529979, ""252 twins removed""]]"
roadNet-PA,undirected,Datasets/Undirected/roadNet-PA.txt,1088092,3083798,1541899,False,0,Adjacency lists,m*ceil(lg n) + n*ceil(lg m),88697782.0,57.52502725535201,,,0.0,,0.0,3083798.0,0.0,"[[""m*ceil(lg n) - one id per stored arc"", 64759758, ""3083798 x 21""], [""n*ceil(lg m) - one offset per vertex"", 23938024, ""1088092 x 22""]]"
roadNet-PA,undirected,Datasets/Undirected/roadNet-PA.txt,1088092,3083798,1541899,False,1,One string + separator bitvector,"m*ceil(lg n) + lg C(n+m, n)",68213962.9558982,44.24022776841946,o(m),23.09394731437795,23.09394731437795,,0.0,3083798.0,0.0,"[[""m*ceil(lg n) - the adjacency string, uncompressed"", 64759758, ""3083798 x 21""], [""lg C(n+m, n) - the separator bitvector"", 3454204.955898192, ""C(4171890, 1088092)""]]"
roadNet-PA,undirected,Datasets/Undirected/roadNet-PA.txt,1088092,3083798,1541899,False,1u,Wavelet tree: each edge stored once,"m'*ceil(lg n) + lg C(n+m', n),  m' = |E|",34953090.40661068,22.668858600083848,o(m),48.75962502104062,60.59305022237119,,0.0,1541899.0,0.0,"[[""m'*ceil(lg n) - each edge stored once"", 32379879, ""1541899 x 21""], [""lg C(n+m', n)"", 2573211.4066106807, ""C(2629991, 1088092)""]]"
roadNet-PA,undirected,Datasets/Undirected/roadNet-PA.txt,1088092,3083798,1541899,False,2,Entropy-compressed adjacency string,"H(G) + lg C(n+m, n)",32383280.399337724,21.002205980636685,o(m),7.352168227124578,63.490315463200965,,29810068.99272704,1541899.0,0.0,"[[""H(G) - in-degree entropy of the string"", 29810068.99272704, ""sum d lg(m/d) over 1541899 arcs""], [""lg C(n+m, n) - the separator bitvector"", 2573211.4066106807, """"]]"
roadNet-PA,undirected,Datasets/Undirected/roadNet-PA.txt,1088092,3083798,1541899,False,3b,TREX - best MST-based tree,"H(G-T) + lg C(n+m', n) + 2n",11658316.101598794,7.561011519949616,o(m) + o(n),63.99896502814699,86.85613570179378,,8133800.706319557,454013.0,1087886.0,"[[""H(G-T) - entropy of what is left"", 8133800.7063195575, ""454013 residual arcs""], [""lg C(n+m', n) - separator bitvector of A'"", 1348331.3952792361, """"], [""2n - LOUDS"", 2176184, ""2 x 1088092""]]"
roadNet-PA,undirected,Datasets/Undirected/roadNet-PA.txt,1088092,3083798,1541899,False,3w,TREX - worst MST-based tree,"H(G-T) + lg C(n+m', n) + 2n",11908809.672844185,7.7234693535985075,o(m) + o(n),-2.1486256596785718,86.57372326080917,63.22543755299191,8384294.277564948,454013.0,1087886.0,"[[""H(G-T) - entropy of what is left"", 8384294.277564948, ""454013 residual arcs""], [""lg C(n+m', n) - separator bitvector of A'"", 1348331.3952792361, """"], [""2n - LOUDS"", 2176184, ""2 x 1088092""]]"
roadNet-PA,undirected,Datasets/Undirected/roadNet-PA.txt,1088092,3083798,1541899,False,4,"Twin removal, then TREX","H(G0-T0) + lg C(n0+m0', n0) + 2n0 + lg C(N, n0)",11736676.26752114,7.611832076887747,o(m) + o(n) + o(N),-0.6721396575582794,86.76779057730988,,8124751.727874751,453710.0,1069650.0,"[[""H(G0-T0) - entropy after contraction"", 8124751.727874751, ""453710 residual arcs, n0 = 1069856""], [""lg C(n0+m0', n0)"", 1338561.9036981782, """"], [""2n0 - LOUDS"", 2139712, ""2 x 1069856""], [""lg C(N, n0) - the class sizes in B"", 133650.63594821034, ""18236 twins removed""]]"
large_twitch_edges,undirected,Datasets/Undirected/large_twitch_edges.txt,168114,13595114,6797557,False,0,Adjacency lists,m*ceil(lg n) + n*ceil(lg m),248746788.0,36.593556773411386,,,0.0,,0.0,13595114.0,0.0,"[[""m*ceil(lg n) - one id per stored arc"", 244712052, ""13595114 x 18""], [""n*ceil(lg m) - one offset per vertex"", 4034736, ""168114 x 24""]]"
large_twitch_edges,undirected,Datasets/Undirected/large_twitch_edges.txt,168114,13595114,6797557,False,1,One string + separator bitvector,"m*ceil(lg n) + lg C(n+m, n)",246021495.9164437,36.19263448860285,o(m),1.0956089545792524,1.0956089545792524,,0.0,13595114.0,0.0,"[[""m*ceil(lg n) - the adjacency string, uncompressed"", 244712052, ""13595114 x 18""], [""lg C(n+m, n) - the separator bitvector"", 1309443.9164437354, ""C(13763228, 168114)""]]"
large_twitch_edges,undirected,Datasets/Undirected/large_twitch_edges.txt,168114,13595114,6797557,False,1u,Wavelet tree: each edge stored once,"m'*ceil(lg n) + lg C(n+m', n),  m' = |E|",123498837.22444832,18.168120874079957,o(m),49.80160706510287,50.35158515315249,,0.0,6797557.0,0.0,"[[""m'*ceil(lg n) - each edge stored once"", 122356026, ""6797557 x 18""], [""lg C(n+m', n)"", 1142811.2244483056, ""C(6965671, 168114)""]]"
large_twitch_edges,undirected,Datasets/Undirected/large_twitch_edges.txt,168114,13595114,6797557,False,2,Entropy-compressed adjacency string,"H(G) + lg C(n+m, n)",94701908.28035358,13.931756406066706,o(m),23.317570911019057,61.92838949126307,,93559097.05590528,6797557.0,0.0,"[[""H(G) - in-degree entropy of the string"", 93559097.05590527, ""sum d lg(m/d) over 6797557 arcs""], [""lg C(n+m, n) - the separator bitvector"", 1142811.2244483056, """"]]"
large_twitch_edges,undirected,Datasets/Undirected/large_twitch_edges.txt,168114,13595114,6797557,False,3b,TREX - best MST-based tree,"H(G-T) + lg C(n+m', n) + 2n",91697740.0469211,13.489808183575526,o(m) + o(n),3.172236217816216,63.13611090852716,,90224699.71495074,6629444.0,168113.0,"[[""H(G-T) - entropy of what is left"", 90224699.71495074, ""6629444 residual arcs""], [""lg C(n+m', n) - separator bitvector of A'"", 1136812.3319703585, """"], [""2n - LOUDS"", 336228, ""2 x 168114""]]"
large_twitch_edges,undirected,Datasets/Undirected/large_twitch_edges.txt,168114,13595114,6797557,False,3w,TREX - worst MST-based tree,"H(G-T) + lg C(n+m', n) + 2n",93346061.83490816,13.732295563672093,o(m) + o(n),-1.7975598822213446,62.473460427192265,1.43169918121564,91873021.5029378,6629444.0,168113.0,"[[""H(G-T) - entropy of what is left"", 91873021.50293781, ""6629444 residual arcs""], [""lg C(n+m', n) - separator bitvector of A'"", 1136812.3319703585, """"], [""2n - LOUDS"", 336228, ""2 x 168114""]]"
large_twitch_edges,undirected,Datasets/Undirected/large_twitch_edges.txt,168114,13595114,6797557,False,4,"Twin removal, then TREX","H(G0-T0) + lg C(n0+m0', n0) + 2n0 + lg C(N, n0)",91698189.65049808,13.489874325511076,o(m) + o(n) + o(N),-0.0004903104228626,63.135930161036654,,90223690.71156402,6629341.0,167257.0,"[[""H(G0-T0) - entropy after contraction"", 90223690.71156402, ""6629341 residual arcs, n0 = 167258""], [""lg C(n0+m0', n0)"", 1132236.657272836, """"], [""2n0 - LOUDS"", 334516, ""2 x 167258""], [""lg C(N, n0) - the class sizes in B"", 7746.281661240431, ""856 twins removed""]]"
G_barabasi_albert,directed,Datasets/Synthetic/G_barabasi_albert.txt,40000,559804,559804,True,0,Adjacency lists,m*ceil(lg n) + n*ceil(lg m),9756864.0,17.4290716036327,,,0.0,,0.0,559804.0,0.0,"[[""m*ceil(lg n) - one id per stored arc"", 8956864, ""559804 x 16""], [""n*ceil(lg m) - one offset per vertex"", 800000, ""40000 x 20""]]"
G_barabasi_albert,directed,Datasets/Synthetic/G_barabasi_albert.txt,40000,559804,559804,True,1,One string + separator bitvector,"m*ceil(lg n) + lg C(n+m, n)",9168851.168898528,16.37868105425922,o(m),6.026658064532531,6.026658064532531,,0.0,559804.0,0.0,"[[""m*ceil(lg n) - the adjacency string, uncompressed"", 8956864, ""559804 x 16""], [""lg C(n+m, n) - the separator bitvector"", 211987.16889852777, ""C(599804, 40000)""]]"
G_barabasi_albert,directed,Datasets/Synthetic/G_barabasi_albert.txt,40000,559804,559804,True,2,Entropy-compressed adjacency string,"H(G) + lg C(n+m, n)",8769880.294050938,15.665983619357736,o(m),4.351372571090828,10.115788289649853,,8557893.12515241,559804.0,0.0,"[[""H(G) - in-degree entropy of the string"", 8557893.12515241, ""sum d lg(m/d) over 559804 arcs""], [""lg C(n+m, n) - the separator bitvector"", 211987.16889852777, """"]]"
G_barabasi_albert,directed,Datasets/Synthetic/G_barabasi_albert.txt,40000,559804,559804,True,3b,TREX - best MST-based tree,"H(G-T) + lg C(n+m', n) + 3n",8274014.577078599,14.78019910018256,o(m) + o(n),5.6541902551248135,15.198012629072222,,7946154.242523479,519805.0,39999.0,"[[""H(G-T) - entropy of what is left"", 7946154.242523479, ""519805 residual arcs""], [""lg C(n+m', n) - separator bitvector of A'"", 207860.33455511907, """"], [""3n - LOUDS, plus n for D"", 120000, ""3 x 40000""]]"
G_barabasi_albert,directed,Datasets/Synthetic/G_barabasi_albert.txt,40000,559804,559804,True,3w,TREX - worst MST-based tree,"H(G-T) + lg C(n+m', n) + 3n",8274067.768961262,14.780294118943884,o(m) + o(n),-0.0006428787642009,15.197467455103798,5.653583725949041,7946207.434406143,519805.0,39999.0,"[[""H(G-T) - entropy of what is left"", 7946207.434406143, ""519805 residual arcs""], [""lg C(n+m', n) - separator bitvector of A'"", 207860.33455511907, """"], [""3n - LOUDS, plus n for D"", 120000, ""3 x 40000""]]"
G_barabasi_albert,directed,Datasets/Synthetic/G_barabasi_albert.txt,40000,559804,559804,True,4,"Twin removal, then TREX",no twins in this graph,,,,,,,,,,[]
G_bipartite,directed,Datasets/Synthetic/G_bipartite.txt,2000,1000000,1000000,True,0,Adjacency lists,m*ceil(lg n) + n*ceil(lg m),11040000.0,11.04,,,0.0,,0.0,1000000.0,0.0,"[[""m*ceil(lg n) - one id per stored arc"", 11000000, ""1000000 x 11""], [""n*ceil(lg m) - one offset per vertex"", 40000, ""2000 x 20""]]"
G_bipartite,directed,Datasets/Synthetic/G_bipartite.txt,2000,1000000,1000000,True,1,One string + separator bitvector,"m*ceil(lg n) + lg C(n+m, n)",11020813.034860449,11.020813034860447,o(m),0.1737949740901578,0.1737949740901578,,0.0,1000000.0,0.0,"[[""m*ceil(lg n) - the adjacency string, uncompressed"", 11000000, ""1000000 x 11""], [""lg C(n+m, n) - the separator bitvector"", 20813.0348604464, ""C(1002000, 2000)""]]"
G_bipartite,directed,Datasets/Synthetic/G_bipartite.txt,2000,1000000,1000000,True,2,Entropy-compressed adjacency string,"H(G) + lg C(n+m, n)",9986597.319522535,9.986597319522536,o(m),9.384205249345356,9.541690946353842,,9965784.284662088,1000000.0,0.0,"[[""H(G) - in-degree entropy of the string"", 9965784.284662088, ""sum d lg(m/d) over 1000000 arcs""], [""lg C(n+m, n) - the separator bitvector"", 20813.0348604464, """"]]"
G_bipartite,directed,Datasets/Synthetic/G_bipartite.txt,2000,1000000,1000000,True,3b,TREX - best MST-based tree,"H(G-T) + lg C(n+m', n) + 3n",9971229.417365296,9.971229417365295,o(m) + o(n),0.1538852690815662,9.68089295864768,,9944422.1503977,998001.0,1999.0,"[[""H(G-T) - entropy of what is left"", 9944422.150397701, ""998001 residual arcs""], [""lg C(n+m', n) - separator bitvector of A'"", 20807.26696759477, """"], [""3n - LOUDS, plus n for D"", 6000, ""3 x 2000""]]"
G_bipartite,directed,Datasets/Synthetic/G_bipartite.txt,2000,1000000,1000000,True,3w,TREX - worst MST-based tree,"H(G-T) + lg C(n+m', n) + 3n",9971229.417365296,9.971229417365295,o(m) + o(n),0.0,9.68089295864768,0.1538852690815662,9944422.1503977,998001.0,1999.0,"[[""H(G-T) - entropy of what is left"", 9944422.150397701, ""998001 residual arcs""], [""lg C(n+m', n) - separator bitvector of A'"", 20807.26696759477, """"], [""3n - LOUDS, plus n for D"", 6000, ""3 x 2000""]]"
G_bipartite,directed,Datasets/Synthetic/G_bipartite.txt,2000,1000000,1000000,True,4,"Twin removal, then TREX","H(G0-T0) + lg C(n0+m0', n0) + 3n0 + lg C(N, n0)",26.930847041405467,2.693084704140547e-05,o(m) + o(n) + o(N),99.9997299144778,99.9997560611681,,0.0,0.0,1.0,"[[""H(G0-T0) - entropy after contraction"", 0.0, ""0 residual arcs, n0 = 2""], [""lg C(n0+m0', n0)"", 0.0, """"], [""3n0 - LOUDS and D"", 6, ""3 x 2""], [""lg C(N, n0) - the class sizes in B"", 20.930847041405467, ""1998 twins removed""]]"
G_erdos_renyi,directed,Datasets/Synthetic/G_erdos_renyi.txt,20000,999036,999036,True,0,Adjacency lists,m*ceil(lg n) + n*ceil(lg m),15385540.0,15.400385972077082,,,0.0,,0.0,999036.0,0.0,"[[""m*ceil(lg n) - one id per stored arc"", 14985540, ""999036 x 15""], [""n*ceil(lg m) - one offset per vertex"", 400000, ""20000 x 20""]]"
G_erdos_renyi,directed,Datasets/Synthetic/G_erdos_renyi.txt,20000,999036,999036,True,1,One string + separator bitvector,"m*ceil(lg n) + lg C(n+m, n)",15127521.64990904,15.142118652289849,o(m),1.6770184867801796,1.6770184867801796,,0.0,999036.0,0.0,"[[""m*ceil(lg n) - the adjacency string, uncompressed"", 14985540, ""999036 x 15""], [""lg C(n+m, n) - the separator bitvector"", 141981.64990903955, ""C(1019036, 20000)""]]"
G_erdos_renyi,directed,Datasets/Synthetic/G_erdos_renyi.txt,20000,999036,999036,True,2,Entropy-compressed adjacency string,"H(G) + lg C(n+m, n)",14123979.648689898,14.13760830309408,o(m),6.633882432587212,8.19964948458164,,13981997.998780858,999036.0,0.0,"[[""H(G) - in-degree entropy of the string"", 13981997.998780858, ""sum d lg(m/d) over 999036 arcs""], [""lg C(n+m, n) - the separator bitvector"", 141981.64990903955, """"]]"
G_erdos_renyi,directed,Datasets/Synthetic/G_erdos_renyi.txt,20000,999036,999036,True,3b,TREX - best MST-based tree,"H(G-T) + lg C(n+m', n) + 3n",13881793.066532549,13.89518802779134,o(m) + o(n),1.714719138524201,9.773767664101818,,13680389.06060551,979037.0,19999.0,"[[""H(G-T) - entropy of what is left"", 13680389.06060551, ""979037 residual arcs""], [""lg C(n+m', n) - separator bitvector of A'"", 141404.00592703852, """"], [""3n - LOUDS, plus n for D"", 60000, ""3 x 20000""]]"
G_erdos_renyi,directed,Datasets/Synthetic/G_erdos_renyi.txt,20000,999036,999036,True,3w,TREX - worst MST-based tree,"H(G-T) + lg C(n+m', n) + 3n",13910653.624279285,13.924076433961623,o(m) + o(n),-0.2079022328629554,9.58618531244737,1.5103818450375672,13709249.618352246,979037.0,19999.0,"[[""H(G-T) - entropy of what is left"", 13709249.618352246, ""979037 residual arcs""], [""lg C(n+m', n) - separator bitvector of A'"", 141404.00592703852, """"], [""3n - LOUDS, plus n for D"", 60000, ""3 x 20000""]]"
G_erdos_renyi,directed,Datasets/Synthetic/G_erdos_renyi.txt,20000,999036,999036,True,4,"Twin removal, then TREX",no twins in this graph,,,,,,,,,,[]
graph_A_skewed,directed,Datasets/GA_and_GB/graph_A_skewed.txt,1000,2997,2997,True,0,Adjacency lists,m*ceil(lg n) + n*ceil(lg m),41970.0,14.004004004004004,,,0.0,,0.0,2997.0,0.0,"[[""m*ceil(lg n) - one id per stored arc"", 29970, ""2997 x 10""], [""n*ceil(lg m) - one offset per vertex"", 12000, ""1000 x 12""]]"
graph_A_skewed,directed,Datasets/GA_and_GB/graph_A_skewed.txt,1000,2997,2997,True,1,One string + separator bitvector,"m*ceil(lg n) + lg C(n+m, n)",33207.7657727888,11.080335593189456,o(m),20.87737485635264,20.87737485635264,,0.0,2997.0,0.0,"[[""m*ceil(lg n) - the adjacency string, uncompressed"", 29970, ""2997 x 10""], [""lg C(n+m, n) - the separator bitvector"", 3237.765772788798, ""C(3997, 1000)""]]"
graph_A_skewed,directed,Datasets/GA_and_GB/graph_A_skewed.txt,1000,2997,2997,True,2,Entropy-compressed adjacency string,"H(G) + lg C(n+m, n)",17940.274914374728,5.98607771584075,o(m),45.975664134937375,57.25452724714146,,14702.509141585932,2997.0,0.0,"[[""H(G) - in-degree entropy of the string"", 14702.509141585932, ""sum d lg(m/d) over 2997 arcs""], [""lg C(n+m, n) - the separator bitvector"", 3237.765772788798, """"]]"
graph_A_skewed,directed,Datasets/GA_and_GB/graph_A_skewed.txt,1000,2997,2997,True,3b,TREX - best MST-based tree,"H(G-T) + lg C(n+m', n) + 3n",7757.107350991946,2.58829074107172,o(m) + o(n),56.76149118107144,81.51749499406256,,2009.40631359804,1998.0,999.0,"[[""H(G-T) - entropy of what is left"", 2009.40631359804, ""1998 residual arcs""], [""lg C(n+m', n) - separator bitvector of A'"", 2747.7010373939056, """"], [""3n - LOUDS, plus n for D"", 3000, ""3 x 1000""]]"
graph_A_skewed,directed,Datasets/GA_and_GB/graph_A_skewed.txt,1000,2997,2997,True,3w,TREX - worst MST-based tree,"H(G-T) + lg C(n+m', n) + 3n",17698.07756431853,5.905264452558735,o(m) + o(n),-128.15305710646606,57.831599799098086,1.3500202823655494,11950.376526924623,1998.0,999.0,"[[""H(G-T) - entropy of what is left"", 11950.376526924625, ""1998 residual arcs""], [""lg C(n+m', n) - separator bitvector of A'"", 2747.7010373939056, """"], [""3n - LOUDS, plus n for D"", 3000, ""3 x 1000""]]"
graph_A_skewed,directed,Datasets/GA_and_GB/graph_A_skewed.txt,1000,2997,2997,True,4,"Twin removal, then TREX",no twins in this graph,,,,,,,,,,[]
graph_B_uniform,directed,Datasets/GA_and_GB/graph_B_uniform.txt,1000,2997,2997,True,0,Adjacency lists,m*ceil(lg n) + n*ceil(lg m),41970.0,14.004004004004004,,,0.0,,0.0,2997.0,0.0,"[[""m*ceil(lg n) - one id per stored arc"", 29970, ""2997 x 10""], [""n*ceil(lg m) - one offset per vertex"", 12000, ""1000 x 12""]]"
graph_B_uniform,directed,Datasets/GA_and_GB/graph_B_uniform.txt,1000,2997,2997,True,1,One string + separator bitvector,"m*ceil(lg n) + lg C(n+m, n)",33207.7657727888,11.080335593189456,o(m),20.87737485635264,20.87737485635264,,0.0,2997.0,0.0,"[[""m*ceil(lg n) - the adjacency string, uncompressed"", 29970, ""2997 x 10""], [""lg C(n+m, n) - the separator bitvector"", 3237.765772788798, ""C(3997, 1000)""]]"
graph_B_uniform,directed,Datasets/GA_and_GB/graph_B_uniform.txt,1000,2997,2997,True,2,Entropy-compressed adjacency string,"H(G) + lg C(n+m, n)",7987.898387450103,2.665298093910612,o(m),75.9456916129071,80.96759974398356,,4750.132614661305,2997.0,0.0,"[[""H(G) - in-degree entropy of the string"", 4750.132614661305, ""sum d lg(m/d) over 2997 arcs""], [""lg C(n+m, n) - the separator bitvector"", 3237.765772788798, """"]]"
graph_B_uniform,directed,Datasets/GA_and_GB/graph_B_uniform.txt,1000,2997,2997,True,3b,TREX - best MST-based tree,"H(G-T) + lg C(n+m', n) + 3n",7766.513664589986,2.591429317514176,o(m) + o(n),2.7715014904037605,81.49508300073866,,2018.8126271960805,1998.0,999.0,"[[""H(G-T) - entropy of what is left"", 2018.8126271960803, ""1998 residual arcs""], [""lg C(n+m', n) - separator bitvector of A'"", 2747.7010373939056, """"], [""3n - LOUDS, plus n for D"", 3000, ""3 x 1000""]]"
graph_B_uniform,directed,Datasets/GA_and_GB/graph_B_uniform.txt,1000,2997,2997,True,3w,TREX - worst MST-based tree,"H(G-T) + lg C(n+m', n) + 3n",7745.701037393906,2.584484830628597,o(m) + o(n),0.2679790198653942,81.54467229594017,3.032053467739604,1998.0,1998.0,999.0,"[[""H(G-T) - entropy of what is left"", 1998.0, ""1998 residual arcs""], [""lg C(n+m', n) - separator bitvector of A'"", 2747.7010373939056, """"], [""3n - LOUDS, plus n for D"", 3000, ""3 x 1000""]]"
graph_B_uniform,directed,Datasets/GA_and_GB/graph_B_uniform.txt,1000,2997,2997,True,4,"Twin removal, then TREX","H(G0-T0) + lg C(n0+m0', n0) + 3n0 + lg C(N, n0)",64.49352887346079,0.0215193623201404,o(m) + o(n) + o(N),99.1695948573746,99.84633421759956,,9.509775004326936,6.0,3.0,"[[""H(G0-T0) - entropy after contraction"", 9.509775004326936, ""6 residual arcs, n0 = 4""], [""lg C(n0+m0', n0)"", 7.71424551766612, """"], [""3n0 - LOUDS and D"", 12, ""3 x 4""], [""lg C(N, n0) - the class sizes in B"", 35.269508351467735, ""996 twins removed""]]"
Wiki-Vote,directed,Datasets/Directed/Wiki-Vote.txt,7115,103689,103689,True,0,Adjacency lists,m*ceil(lg n) + n*ceil(lg m),1468912.0,14.166517181186046,,,0.0,,0.0,103689.0,0.0,"[[""m*ceil(lg n) - one id per stored arc"", 1347957, ""103689 x 13""], [""n*ceil(lg m) - one offset per vertex"", 120955, ""7115 x 17""]]"
Wiki-Vote,directed,Datasets/Directed/Wiki-Vote.txt,7115,103689,103689,True,1,One string + separator bitvector,"m*ceil(lg n) + lg C(n+m, n)",1386059.7780740962,13.367471747958763,o(m),5.640380221953656,5.640380221953656,,0.0,103689.0,0.0,"[[""m*ceil(lg n) - the adjacency string, uncompressed"", 1347957, ""103689 x 13""], [""lg C(n+m, n) - the separator bitvector"", 38102.77807409617, ""C(110804, 7115)""]]"
Wiki-Vote,directed,Datasets/Directed/Wiki-Vote.txt,7115,103689,103689,True,2,Entropy-compressed adjacency string,"H(G) + lg C(n+m, n)",1144119.8308026316,11.03414856737582,o(m),17.45523180880666,22.111070588120217,,1106017.0527285354,103689.0,0.0,"[[""H(G) - in-degree entropy of the string"", 1106017.0527285354, ""sum d lg(m/d) over 103689 arcs""], [""lg C(n+m, n) - the separator bitvector"", 38102.77807409617, """"]]"
Wiki-Vote,directed,Datasets/Directed/Wiki-Vote.txt,7115,103689,103689,True,3b,TREX - best MST-based tree,"H(G-T) + lg C(n+m', n) + 3n",1079471.9490172493,10.4106698783598,o(m) + o(n),5.650446749098825,26.51214306798165,,1020726.615385218,96598.0,7091.0,"[[""H(G-T) - entropy of what is left"", 1020726.6153852179, ""96598 residual arcs""], [""lg C(n+m', n) - separator bitvector of A'"", 37400.33363203133, """"], [""3n - LOUDS, plus n for D"", 21345, ""3 x 7115""]]"
Wiki-Vote,directed,Datasets/Directed/Wiki-Vote.txt,7115,103689,103689,True,3w,TREX - worst MST-based tree,"H(G-T) + lg C(n+m', n) + 3n",1091586.9576185842,10.527509741810452,o(m) + o(n),-1.1223087929579156,25.68738238787728,4.591553416847438,1032841.6239865528,96598.0,7091.0,"[[""H(G-T) - entropy of what is left"", 1032841.6239865528, ""96598 residual arcs""], [""lg C(n+m', n) - separator bitvector of A'"", 37400.33363203133, """"], [""3n - LOUDS, plus n for D"", 21345, ""3 x 7115""]]"
Wiki-Vote,directed,Datasets/Directed/Wiki-Vote.txt,7115,103689,103689,True,4,"Twin removal, then TREX","H(G0-T0) + lg C(n0+m0', n0) + 3n0 + lg C(N, n0)",1075046.0531075858,10.367985544344972,o(m) + o(n) + o(N),0.4100056433789523,26.81344742860119,,1020367.2058802918,96561.0,5823.0,"[[""H(G0-T0) - entropy after contraction"", 1020367.2058802918, ""96561 residual arcs, n0 = 5847""], [""lg C(n0+m0', n0)"", 32333.331417176538, """"], [""3n0 - LOUDS and D"", 17541, ""3 x 5847""], [""lg C(N, n0) - the class sizes in B"", 4804.515810117418, ""1268 twins removed""]]"
wikilink_graph.2005-03-01_edgelist,directed,Datasets/Directed/wikilink_graph.2005-03-01_edgelist.txt,244112,3659390,3659390,True,0,Adjacency lists,m*ceil(lg n) + n*ceil(lg m),71239484.0,19.46758448812507,,,0.0,,0.0,3659390.0,0.0,"[[""m*ceil(lg n) - one id per stored arc"", 65869020, ""3659390 x 18""], [""n*ceil(lg m) - one offset per vertex"", 5370464, ""244112 x 22""]]"
wikilink_graph.2005-03-01_edgelist,directed,Datasets/Directed/wikilink_graph.2005-03-01_edgelist.txt,244112,3659390,3659390,True,1,One string + separator bitvector,"m*ceil(lg n) + lg C(n+m, n)",67186181.33098489,18.35994013510036,o(m),5.6896856089175385,5.6896856089175385,,0.0,3659390.0,0.0,"[[""m*ceil(lg n) - the adjacency string, uncompressed"", 65869020, ""3659390 x 18""], [""lg C(n+m, n) - the separator bitvector"", 1317161.3309848886, ""C(3903502, 244112)""]]"
wikilink_graph.2005-03-01_edgelist,directed,Datasets/Directed/wikilink_graph.2005-03-01_edgelist.txt,244112,3659390,3659390,True,2,Entropy-compressed adjacency string,"H(G) + lg C(n+m, n)",54892254.22779338,15.000383732751464,o(m),18.29829714927079,22.9468671786093,,53575092.89680849,3659390.0,0.0,"[[""H(G) - in-degree entropy of the string"", 53575092.89680849, ""sum d lg(m/d) over 3659390 arcs""], [""lg C(n+m, n) - the separator bitvector"", 1317161.3309848886, """"]]"
wikilink_graph.2005-03-01_edgelist,directed,Datasets/Directed/wikilink_graph.2005-03-01_edgelist.txt,244112,3659390,3659390,True,3b,TREX - best MST-based tree,"H(G-T) + lg C(n+m', n) + 3n",50614818.4184868,13.831490608677075,o(m) + o(n),7.792421480006917,28.951172051601603,,48588827.46130259,3415322.0,244068.0,"[[""H(G-T) - entropy of what is left"", 48588827.46130259, ""3415322 residual arcs""], [""lg C(n+m', n) - separator bitvector of A'"", 1293654.957184208, """"], [""3n - LOUDS, plus n for D"", 732336, ""3 x 244112""]]"
wikilink_graph.2005-03-01_edgelist,directed,Datasets/Directed/wikilink_graph.2005-03-01_edgelist.txt,244112,3659390,3659390,True,3w,TREX - worst MST-based tree,"H(G-T) + lg C(n+m', n) + 3n",52496263.19821412,14.345632249695749,o(m) + o(n),-3.717181723682983,26.31015800421277,4.364898223411107,50470272.24102991,3415322.0,244068.0,"[[""H(G-T) - entropy of what is left"", 50470272.24102991, ""3415322 residual arcs""], [""lg C(n+m', n) - separator bitvector of A'"", 1293654.957184208, """"], [""3n - LOUDS, plus n for D"", 732336, ""3 x 244112""]]"
wikilink_graph.2005-03-01_edgelist,directed,Datasets/Directed/wikilink_graph.2005-03-01_edgelist.txt,244112,3659390,3659390,True,4,"Twin removal, then TREX","H(G0-T0) + lg C(n0+m0', n0) + 3n0 + lg C(N, n0)",50012842.25722668,13.666988830714049,o(m) + o(n) + o(N),1.189327908445581,29.796175591015395,,47999660.28032294,3373867.0,234206.0,"[[""H(G0-T0) - entropy after contraction"", 47999660.28032294, ""3373867 residual arcs, n0 = 234240""], [""lg C(n0+m0', n0)"", 1250831.3879242544, """"], [""3n0 - LOUDS and D"", 702720, ""3 x 234240""], [""lg C(N, n0) - the class sizes in B"", 59630.588979489796, ""9872 twins removed""]]"
Cit-HepPh,directed,Datasets/Directed/Cit-HepPh.txt,34546,421578,421578,True,0,Adjacency lists,m*ceil(lg n) + n*ceil(lg m),7401622.0,17.55694557116358,,,0.0,,0.0,421578.0,0.0,"[[""m*ceil(lg n) - one id per stored arc"", 6745248, ""421578 x 16""], [""n*ceil(lg m) - one offset per vertex"", 656374, ""34546 x 19""]]"
Cit-HepPh,directed,Datasets/Directed/Cit-HepPh.txt,34546,421578,421578,True,1,One string + separator bitvector,"m*ceil(lg n) + lg C(n+m, n)",6921750.70121478,16.41867151799852,o(m),6.483326205867035,6.483326205867035,,0.0,421578.0,0.0,"[[""m*ceil(lg n) - the adjacency string, uncompressed"", 6745248, ""421578 x 16""], [""lg C(n+m, n) - the separator bitvector"", 176502.7012147805, ""C(456124, 34546)""]]"
Cit-HepPh,directed,Datasets/Directed/Cit-HepPh.txt,34546,421578,421578,True,2,Entropy-compressed adjacency string,"H(G) + lg C(n+m, n)",5919121.579354553,14.040394848295104,o(m),14.4851955110759,20.029399240402267,,5742618.878139772,421578.0,0.0,"[[""H(G) - in-degree entropy of the string"", 5742618.878139772, ""sum d lg(m/d) over 421578 arcs""], [""lg C(n+m, n) - the separator bitvector"", 176502.7012147805, """"]]"
Cit-HepPh,directed,Datasets/Directed/Cit-HepPh.txt,34546,421578,421578,True,3b,TREX - best MST-based tree,"H(G-T) + lg C(n+m', n) + 3n",5424499.8362592105,12.867132146979232,o(m) + o(n),8.35633694061202,26.71201209330589,,5148440.249829134,387093.0,34485.0,"[[""H(G-T) - entropy of what is left"", 5148440.249829134, ""387093 residual arcs""], [""lg C(n+m', n) - separator bitvector of A'"", 172421.58643007657, """"], [""3n - LOUDS, plus n for D"", 103638, ""3 x 34546""]]"
Cit-HepPh,directed,Datasets/Directed/Cit-HepPh.txt,34546,421578,421578,True,3w,TREX - worst MST-based tree,"H(G-T) + lg C(n+m', n) + 3n",5586527.127570936,13.251467409520744,o(m) + o(n),-2.9869535662749858,24.522933924875712,5.618983278594603,5310467.541140859,387093.0,34485.0,"[[""H(G-T) - entropy of what is left"", 5310467.541140859, ""387093 residual arcs""], [""lg C(n+m', n) - separator bitvector of A'"", 172421.58643007657, """"], [""3n - LOUDS, plus n for D"", 103638, ""3 x 34546""]]"
Cit-HepPh,directed,Datasets/Directed/Cit-HepPh.txt,34546,421578,421578,True,4,"Twin removal, then TREX","H(G0-T0) + lg C(n0+m0', n0) + 3n0 + lg C(N, n0)",5420851.849070118,12.85847897440122,o(m) + o(n) + o(N),0.0672502036908273,26.76129841445405,,5144371.582967499,386809.0,34273.0,"[[""H(G0-T0) - entropy after contraction"", 5144371.582967499, ""386809 residual arcs, n0 = 34334""], [""lg C(n0+m0', n0)"", 171620.69913352682, """"], [""3n0 - LOUDS and D"", 103002, ""3 x 34334""], [""lg C(N, n0) - the class sizes in B"", 1857.5669690924472, ""212 twins removed""]]"
Amazon0302,directed,Datasets/Directed/Amazon0302.txt,262111,1234877,1234877,True,0,Adjacency lists,m*ceil(lg n) + n*ceil(lg m),27732117.0,22.45739211273673,,,0.0,,0.0,1234877.0,0.0,"[[""m*ceil(lg n) - one id per stored arc"", 22227786, ""1234877 x 18""], [""n*ceil(lg m) - one offset per vertex"", 5504331, ""262111 x 21""]]"
Amazon0302,directed,Datasets/Directed/Amazon0302.txt,262111,1234877,1234877,True,1,One string + separator bitvector,"m*ceil(lg n) + lg C(n+m, n)",23229593.361548133,18.811260847475605,o(m),16.235773267694874,16.235773267694874,,0.0,1234877.0,0.0,"[[""m*ceil(lg n) - the adjacency string, uncompressed"", 22227786, ""1234877 x 18""], [""lg C(n+m, n) - the separator bitvector"", 1001807.3615481314, ""C(1496988, 262111)""]]"
Amazon0302,directed,Datasets/Directed/Amazon0302.txt,262111,1234877,1234877,True,2,Entropy-compressed adjacency string,"H(G) + lg C(n+m, n)",22569890.03453085,18.277034906740383,o(m),2.839926281745808,18.614615557366758,,21568082.672982715,1234877.0,0.0,"[[""H(G) - in-degree entropy of the string"", 21568082.672982715, ""sum d lg(m/d) over 1234877 arcs""], [""lg C(n+m, n) - the separator bitvector"", 1001807.3615481314, """"]]"
Amazon0302,directed,Datasets/Directed/Amazon0302.txt,262111,1234877,1234877,True,3b,TREX - best MST-based tree,"H(G-T) + lg C(n+m', n) + 3n",18127450.02508432,14.679559199081623,o(m) + o(n),19.68303789982941,34.633731622132125,,16420187.204264097,972767.0,262110.0,"[[""H(G-T) - entropy of what is left"", 16420187.204264097, ""972767 residual arcs""], [""lg C(n+m', n) - separator bitvector of A'"", 920929.8208202224, """"], [""3n - LOUDS, plus n for D"", 786333, ""3 x 262111""]]"
Amazon0302,directed,Datasets/Directed/Amazon0302.txt,262111,1234877,1234877,True,3w,TREX - worst MST-based tree,"H(G-T) + lg C(n+m', n) + 3n",18897751.498033013,15.30334721436468,o(m) + o(n),-4.249364758323804,31.856080449851653,16.27007721738848,17190488.67721279,972767.0,262110.0,"[[""H(G-T) - entropy of what is left"", 17190488.67721279, ""972767 residual arcs""], [""lg C(n+m', n) - separator bitvector of A'"", 920929.8208202224, """"], [""3n - LOUDS, plus n for D"", 786333, ""3 x 262111""]]"
Amazon0302,directed,Datasets/Directed/Amazon0302.txt,262111,1234877,1234877,True,4,"Twin removal, then TREX","H(G0-T0) + lg C(n0+m0', n0) + 3n0 + lg C(N, n0)",18118710.23504769,14.672481741135105,o(m) + o(n) + o(N),0.04821301410034,34.66524667032201,,16409459.89545925,972179.0,261717.0,"[[""H(G0-T0) - entropy after contraction"", 16409459.89545925, ""972179 residual arcs, n0 = 261718""], [""lg C(n0+m0', n0)"", 919848.5167496679, """"], [""3n0 - LOUDS and D"", 785154, ""3 x 261718""], [""lg C(N, n0) - the class sizes in B"", 4247.822838776932, ""393 twins removed""]]"
Slashdot0811,directed,Datasets/Directed/Slashdot0811.txt,77360,905468,905468,True,0,Adjacency lists,m*ceil(lg n) + n*ceil(lg m),16940156.0,18.70872962931876,,,0.0,,0.0,905468.0,0.0,"[[""m*ceil(lg n) - one id per stored arc"", 15392956, ""905468 x 17""], [""n*ceil(lg m) - one offset per vertex"", 1547200, ""77360 x 20""]]"
Slashdot0811,directed,Datasets/Directed/Slashdot0811.txt,77360,905468,905468,True,1,One string + separator bitvector,"m*ceil(lg n) + lg C(n+m, n)",15783741.83978548,17.431584373810537,o(m),6.826467006646919,6.826467006646919,,0.0,905468.0,0.0,"[[""m*ceil(lg n) - the adjacency string, uncompressed"", 15392956, ""905468 x 17""], [""lg C(n+m, n) - the separator bitvector"", 390785.8397854813, ""C(982828, 77360)""]]"
Slashdot0811,directed,Datasets/Directed/Slashdot0811.txt,77360,905468,905468,True,2,Entropy-compressed adjacency string,"H(G) + lg C(n+m, n)",13525612.427294737,14.937703405636352,o(m),14.306679844438175,20.15650607175792,,13134826.587509256,905468.0,0.0,"[[""H(G) - in-degree entropy of the string"", 13134826.587509256, ""sum d lg(m/d) over 905468 arcs""], [""lg C(n+m, n) - the separator bitvector"", 390785.8397854813, """"]]"
Slashdot0811,directed,Datasets/Directed/Slashdot0811.txt,77360,905468,905468,True,3b,TREX - best MST-based tree,"H(G-T) + lg C(n+m', n) + 3n",12319426.069148198,13.605589672023967,o(m) + o(n),8.917794773658084,27.276785000396707,,11706107.029401518,828109.0,77359.0,"[[""H(G-T) - entropy of what is left"", 11706107.029401518, ""828109 residual arcs""], [""lg C(n+m', n) - separator bitvector of A'"", 381239.03974668006, """"], [""3n - LOUDS, plus n for D"", 232080, ""3 x 77360""]]"
Slashdot0811,directed,Datasets/Directed/Slashdot0811.txt,77360,905468,905468,True,3w,TREX - worst MST-based tree,"H(G-T) + lg C(n+m', n) + 3n",12666964.360653391,13.989411399026132,o(m) + o(n),-2.821059110663793,25.22522011808278,6.348311924926875,12053645.320906714,828109.0,77359.0,"[[""H(G-T) - entropy of what is left"", 12053645.320906714, ""828109 residual arcs""], [""lg C(n+m', n) - separator bitvector of A'"", 381239.03974668006, """"], [""3n - LOUDS, plus n for D"", 232080, ""3 x 77360""]]"
Slashdot0811,directed,Datasets/Directed/Slashdot0811.txt,77360,905468,905468,True,4,"Twin removal, then TREX","H(G0-T0) + lg C(n0+m0', n0) + 3n0 + lg C(N, n0)",10652516.401300248,11.764652534711605,o(m) + o(n) + o(N),13.53074127391719,37.11677506806757,,10090650.640386283,738711.0,63203.0,"[[""H(G0-T0) - entropy after contraction"", 10090650.640386285, ""738711 residual arcs, n0 = 63204""], [""lg C(n0+m0', n0)"", 319148.65826139506, """"], [""3n0 - LOUDS and D"", 189612, ""3 x 63204""], [""lg C(N, n0) - the class sizes in B"", 53105.10265256848, ""14156 twins removed""]]"
